<?xml version="1.0" encoding="UTF-8"?>
<beans xmlns="http://www.springframework.org/schema/beans" xmlns:xsi="http://www.w3.org/2001/XMLSchema-instance"
	xmlns:egov-crypto="http://maven.egovframe.go.kr/schema/egov-crypto"
	xsi:schemaLocation="http://www.springframework.org/schema/beans http://www.springframework.org/schema/beans/spring-beans-4.0.xsd
		http://maven.egovframe.go.kr/schema/egov-crypto http://maven.egovframe.go.kr/schema/egov-crypto/egov-crypto-3.10.0.xsd">
 	

 	<bean name="messageSource" class="org.springframework.context.support.ResourceBundleMessageSource">
		<property name="useCodeAsDefaultMessage">
			<value>true</value>
		</property>
		<property name="basenames">
			<list>
				<value>classpath:/egovframework/egovProps/globals.properties</value>
			</list>
		</property>
	</bean>
	 
    <egov-crypto:config id="sctCryptoConfig" 
    	initial="true"
    	crypto="true"
    	algorithm="SHA-256"
    	algorithmKey="bbs"
    	algorithmKeyHash="eBdkho+pq7Pn22FYOrWjqG+/Q5JhrQcrMFTfacY1jsk="
		cryptoBlockSize="1024"
		cryptoPropertyLocation="classpath:/egovframework/egovProps/globals.properties"
	/>
 
</beans>
